单词,释义,例句(待补充)
academic,"adj.. 学院的；学术的；纯理论的; n.. 大学教师；大学科研人员",""
accent,"n.. 口音；语调，强调; v.. 强调，重读",""
access,"n.. 通道,入口接近[取得]…的方法[权利等]; v.. 接近,临近；到达,进入",""
accommodate,"v.. 适应，容纳，提供，调节",""
accompany,"v.. 陪伴，伴奏，补充，伴随...发生",""
accomplish,"v.. 完成，实现",""
account,"n.. 账户；解释，说明；记述，描述; v.. 把…视作；做出解释；是…的原因",""
accurate,"adj.. 准确的，精确的",""
accuse,"v.. 指责，控告，谴责",""
accustom,"v.. 使习惯",""
achieve,"v.. 实现，达到，完成",""
acid,"adj.. 酸的，酸味的；尖刻的，刻薄的; adj.. 酸的，酸性的，尖酸的; n.. 酸，酸性物质，迷幻药",""
acknowledge,"v.. 承认，告知收到，公认，表示感谢",""
acquire,"v.. 获得，取得，学到",""
activate,"v.. 激活，启动，使活动",""
adapt,"v.. 适应，改编，使适应，适合",""
addict,"n.. 上瘾者，耽溺者; v.. 沉溺，使...上瘾",""
addition,"n.. 加法，增加，附加物",""
address,"n.. 住址；地址；网址；演讲; v.. 在…写上姓名和地址; v.. 对付；处理；谈及；向……作正式讲话；向……说话",""
adequate,"adj.. 足够的，适当的，能胜任的",""
adherence,"n.. 坚持，粘附，固守",""
adjust,"v.. 调整，调节，校准，使适应",""
administration,"n.. 管理，行政，行政部门，实施",""
admission,"n.. 承认，许可，入会费",""
admit,"v.. 承认；准许（入场、入学等）",""
adopt,"v.. 采用，收养，接受",""
adore,"v.. 崇拜，爱慕，很喜欢",""
advance,"adj.. 预先的，事先的; adj.. 预先的，提前的; n.. 发展;预先; n.. 进展，前进，预付金; v.. 前进，推进，预付，增长",""
advantage,"n.. 优势；有利条件; v.. 有利于",""
adventure,"n.. 冒险，奇遇; n.. 冒险；探险; v.. 冒险，尝试，大胆进行",""
advocate,"n.. 拥护者，提倡者；辩护者，律师；代言人; v.. 提倡；拥护；支持",""
aesthetic,"adj.. 审美的，美学的，有美感的; n.. (复数)审美观; n.. 美学；审美观",""
affair,"n.. 事情，事件，事务，私通",""
affect,"v.. 影响，感动，作用; vt.. [广义]影响，起作用；[狭义](在感情方面)使感动，打动",""
affection,"n.. 感情，影响，喜爱，慈爱",""
affirm,"v.. 肯定，断言，证实",""
afford,"v.. 提供，给予，花费得起，能够做",""
afterwards,"adv.. 以后，后来",""
agency,"n.. 代理，代理处，政府机构",""
agenda,"n.. 议事日程",""
aggravate,"v.. 恶化，严重；激怒",""
aggressive,"adj.. 有进取心的，好斗的，侵略的，进攻性的",""
agreeable,"adj.. 愉快的，和蔼可亲的，一致的，欣然同意的",""
agriculture,"n.. 农业，农学，农艺",""
airline,"n.. 航空公司，航线",""
alcohol,"n.. 酒，酒精，乙醇",""
alert,"adj.. 警觉的，灵敏的; n.. 警报，警戒; v.. 警惕，使意识到",""
algae,"n.. 海藻，水藻，名词alga的复数形式",""
alienate,"v.. 离间，使疏远，让与，麻木",""
alike,"adj.. 相同的，相似的; adv.. 类似于，以同样的方式",""
alleviate,"v.. 减轻，使...缓和",""
allowance,"n.. 津贴，零用钱，允许，折扣",""
alongside,"adv.. 在旁边; prep.. 在…旁边",""
alphabet,"n.. 字母表；基本要素",""
alter,"v.. 改变，更改，阉割，切除卵巢",""
alternative,"adj.. 供选择的，两者择一的，非主流的; adj.. 供选择的；备选；替代的; n.. 替代品；二者择一",""
altitude,"n.. 高度，海拔，高地",""
altogether,"adv.. 总共，完全，总的来说",""
amateur,"adj.. 业余爱好的，业余（身份）的；外行的; n.. 业余爱好者；外行",""
amazed,"adj.. 吃惊的，惊愕的，动词amaze的过去式和过去分词",""
ambition,"n.. 雄心；野心; v.. 追求，有…野心",""
ambulance,"n.. 救护车; n.. 救护车；野战医院",""
amendment,"n.. 修正，修正案，改进",""
amid,"prep.. 在其间，在其中",""
among,"prep.. 在...之中，...之一",""
amuse,"v.. 娱乐，消遣，使...发笑",""
analogy,"n.. 类比，相似，类似",""
analyse,"v.. 分析，细察",""
ancestor,"n.. 祖先，祖宗，原种",""
anchor,"n.. 锚；精神支柱; v.. 抛锚；系牢，固定",""
anger,"n.. 怒气；怒火; v.. 激怒，发火",""
angle,"n.. 角，角度，观点，盎格鲁人; v.. 钓鱼，谋取，形成或转变角度，歪曲",""
ankle,"n.. 踝，踝关节",""
anniversary,"n.. 周年纪念，周年纪念日",""
announce,"v.. 宣布，宣告，预示，播报",""
annoy,"v.. 骚扰，使烦恼，使恼怒",""
annual,"adj.. 每年的；一年一度的；一年生的; n.. 年报，年鉴；一年生的植物",""
anticipate,"v.. 预期，提前使用，预言，抢...前",""
anxiety,"n.. 焦虑，担心，渴望",""
apologize,"v.. 道歉，赔罪",""
apparent,"adj.. 明显的，表面上的",""
appeal,"n/v.. 呼吁；恳求；上诉；吸引",""
appear,"v.. 出现，显得，出版，好像",""
appetite,"n.. 食欲，欲望，嗜好",""
applaud,"v.. 鼓掌，称赞，赞成，拍手喝彩",""
appliance,"n.. 装置，应用，器具，器械",""
apply,"v.. 应用，申请，涂，使专心从事",""
appoint,"v.. 任命，指定，委派，约定",""
appreciate,"v.. 欣赏，感激，赏识，领会",""
approach,"n.. 方法；接近；路径; v.. 靠近；接近；临近",""
appropriate,"adj.. 恰当的；合适的；相称的; vt.. 私吞，挪用",""
approve,"v.. 批准，赞成，同意，称许",""
approximate,"adj.. 近似的，大约的; v.. 接近，约等于",""
arch,"adj.. 主要的，调皮的; adj.. 调皮的，淘气的; n.. 拱，拱门，拱状物; n.. 拱形；拱门; v.. 呈弓形; v.. 拱起，成拱形",""
archaeologist,"n.. 考古学家",""
architect,"n.. 建筑师，创造者，【喻】缔造者",""
argument,"n.. 论点，争论，论据，辩论",""
arise,"v.. 出现，发生，起来，升起",""
arouse,"v.. 唤醒，激起，叫醒，睡醒",""
arrange,"v.. 安排，整理，计划",""
arrest,"n.. 逮捕，拘留; v.. 逮捕，拘留; vt.. 逮捕，拘留",""
arrival,"n.. 到达; n.. 到达，到达者，达到，新生儿",""
arrogant,"adj.. 傲慢的，自大的",""
arrow,"n.. 箭，箭头",""
articulate,"adj.. 发音清晰的，有关节的，善于表达的; adj.. 善于表达的；口齿伶俐的; v.. 发音，清楚地讲话，以关节连接",""
ascend,"v.. 上升，攀登",""
ash,"n.. 灰，灰烬，白蜡树，白蜡木",""
ashamed,"adj.. 感到惭愧的，感到害臊的",""
aspect,"n.. 方面，方位，外观，外貌",""
assemble,"v.. 装配，集合，收集",""
assess,"v.. 评估，评定，估算",""
asset,"n.. 资产，优点，有用的东西",""
assign,"n.. 受让人; v.. 分派；布置；分配；委派；赋予; v.. 分配，指定，指派，确定",""
assist,"n.. (无释义)",""
associate,"adj.. 副的；联合的，合伙的; n.. 伙伴；同事; v.. 使联合；使有联系；交往",""
assume,"v.. 假定，承担，设想，假装",""
assure,"v.. 确保，使确信，使放心",""
astonish,"v.. 使吃惊，使惊讶",""
astronomer,"n.. 天文学家",""
asymmetry,"adj.. 大西洋的Atlantic正面单词卡背面单词卡; n.. 不对称; n.. 大西洋",""
atmosphere,"n.. 气氛，大气，空气，气压",""
atomic,"adj.. 原子的",""
attach,"v.. 附上，贴上，使附属，系上",""
attain,"v.. 达到，实现，获得",""
attempt,"n.. 试图，企图; n/v.. 尝试，试图；努力; n/v.. 尝试；试图; v.. 尝试，企图",""
attend,"v.. 参加，出席，照料，注意",""
attract,"v.. 吸引，引来",""
attribute,"n.. 属性，特征，标志，象征; v.. 把……归于",""
auction,"n.. 拍卖; v.. 拍卖",""
audience,"n.. 观众，听众，读者，倾听",""
audio,"adj.. 声音的，成音频率的; n.. 音频，音响设备; n/adj.. 声音(的)，音频(的)",""
authentic,"adj.. 真实的，真正的，可信的，可靠的",""
author,"n.. 作者，作家，上帝; v.. 编写，创作",""
authoritarian,"adj.. 独裁主义的，权力主义的; n.. 独裁主义者，权力主义者",""
authority,"n.. 权威，权力，当局，职权",""
automatic,"adj.. 自动的，无意识的，必然的; adj.. 自动的；无意识的; n.. 自动装置，半自动武器",""
automobile,"adj.. 汽车的; n.. 汽车",""
autonomous,"adj.. 自治的，资助的",""
available,"adj.. 可利用的，有效的，可得到的，有空的",""
avenue,"n.. 大街，林荫道，途径手段",""
aware,"adj.. 知道的，意识到的",""
awesome,"adj.. 可怕的，了不起的，表示敬畏的，精彩的",""
awkward,"adj.. 尴尬的，笨拙的，（设计）别扭的",""
backward,"adj.. 向后的，落后的; adv.. 向后",""
bacon,"n.. 培根，熏肉，咸肉",""
baggage,"n.. 行李",""
bake,"v.. （在烤炉里）烘烤; v.. 烤，烘焙，烘干，灼热",""
ban,"n.. 禁止；禁令; v.. 禁止；取缔",""
banner,"adj.. 杰出的，特别好的; n.. 旗帜，横幅，大标题; v.. 用横幅装饰，以大标题报道",""
barely,"adv.. 几乎不，勉强，刚刚，少量地",""
bargain,"n.. 廉价货；交易；契约，合同; v.. 讨价还价；议价；成交",""
barrier,"n.. 屏障，障碍物，栅栏",""
base,"n.. 根基；基底；底座；基部；基地；基础; v.. 基于；以……为基础；把…设在(基地)",""
basin,"n.. 盆地，流域，脸盆，水池",""
basis,"n.. 基础，根据，基底",""
battery,"n.. 电池; n.. 电池，一系列，炮兵连，排炮",""
battle,"n.. 战争；斗争; n.. 战斗，争斗; v.. 与...竞争，与...作战; v.. 斗争；作战",""
bay,"adj.. 红棕色的; n.. 海湾，月桂树，隔间，犬吠; v.. 嗥叫，哀号",""
beard,"n.. 胡须; v.. 公开反对，抓住胡须",""
beg,"v.. 乞讨，恳求abbr.开始(=begin); v.. 请求；恳求",""
behalf,"n.. 代表，利益，方面",""
behaviour,"n.. 行为，举止，品行",""
belief,"n.. 信仰，信念，相信",""
bend,"v.. 屈，弯曲（身体部位）；（方向上）弯曲，转弯；弯腰；俯身；屈服",""
beneath,"adv.. 在下方；在底下; prep.. 在…之下；不如，配不上，不值得",""
beneficial,"adj.. 有益的，有利的",""
besides,"adv.. 除了(还有)，此外；而且; prep.. 除…之外",""
bestseller,"n.. 畅销书",""
bet,"n.. 打赌；赌金；赌注; n.. 赌注，确信; v.. 打赌，确信无疑; vt.. 用…打赌，与…打赌，打赌；敢说，确信",""
bias,"n.. 偏见，偏爱，斜纹; n.. 偏见；偏心; v.. 使偏心; v.. 使偏心；使产生偏见",""
bid,"n.. 出价投标；企图，努力；出价，叫牌; v.. 命令；出价，投标",""
billion,"n.. 十亿",""
bind,"n.. 窘境; v.. 约束，装订，捆绑，团结",""
biographical,"adj.. 传记的",""
bite,"n.. 咬；一口；咬伤；刺痛; v.. 叮；咬；上钩",""
bitter,"adj.. 苦的；痛苦的；尖刻的；充满仇恨的",""
blame,"n.. 责备; n.. 责备，过失; v.. 责备，把...归咎于; v.. 责备；归咎于; vt/n.. 责备，指责",""
blank,"adj.. 空白，空白的，空白处，茫然的",""
blanket,"adj.. 通用的；全面的；无一例外的; n.. 毛毯；覆盖物; v.. 覆盖；扑灭",""
bless,"v.. 祝福，保佑，赐福，有幸具有",""
blossom,"n.. 花，开花，全盛期; v.. 开花，成长",""
boast,"n.. 自夸，引以为荣的事物; v.. 自夸，吹牛，以...为荣",""
bomb,"n.. 炸弹; v.. 轰炸，投弹，失败，投弹于",""
bond,"n.. 债券，结合，联系，协定; n.. 公债，债券；契约; v.. (使)黏合，(使)结合; v.. 粘合，使结合，为...作保，连结",""
bonus,"n.. 奖金，红利，意外所得之物，【篮】追加罚篮",""
booklet,"n.. 小册子",""
boom,"n.. 繁荣；迅速增长; v.. 迅速发展；兴旺；发出隆隆声",""
boost,"n.. 增加，推进，鼓励; v.. 提高，增加，鼓励，举起",""
border,"n.. 边界，边境；边缘，界线; v.. 与…接壤；给…镶边",""
bored,"adj.. 不感兴趣的；厌倦的；无聊的",""
botanic,"n.. (无释义)",""
bother,"n.. 麻烦；令人烦恼的人(或事); v.. 烦扰，迷惑；费心，担心",""
bounce,"n.. 弹跳；弹性；活力; v.. 弹起，使弹起，解雇，退票",""
bound,"adj.. 有义务的；必定的; n.. 跳动；界限; v.. 限制；束缚",""
boundary,"n.. 边界，分界线",""
bowling,"n.. 保龄球",""
boxing,"n.. 拳击，盒式包装，制箱材料",""
brake,"n.. 刹车，制动器，闸; v.. 刹车；约束",""
branch,"n.. 分支，树枝，部门，分部; v.. 分支，分岔",""
brand,"n.. 商标，(商品的)牌子；烙印; v.. 给…烙上印迹；铭记",""
breakthrough,"n.. 关键问题的解决，突破，突破性进展",""
breast,"n.. 胸脯，乳房，胸膛",""
breathe,"v.. 呼吸，注入，轻声说，流露（自信等感情）",""
breed,"n.. 品种，种类，类型; v.. (指动物)生育，繁殖",""
brick,"n.. 砖；砖块",""
brilliant,"adj.. 灿烂的，杰出的，卓越的，才华横溢的; n.. 宝石",""
broad,"adj.. 宽广的，明显的，粗俗的，清楚无误的; n.. 女子",""
broadcast,"n.. 广播，广播节目; v.. 广播；播送；播放",""
brochure,"n.. 小册子，资料手册",""
bubble,"n.. 气泡，泡影; v.. 冒泡，起泡，充满...感情",""
buck,"n.. 钱，雄鹿，雄兔，一美元; v.. 抵制，振作，马弓背踢后腿挑起",""
buffet,"n.. (火车站的)饮食柜台，(火车内的)餐车；自助餐; v.. 斗争；连续猛击",""
bulb,"n.. 电灯泡，球茎，球状物",""
bullet,"n.. 子弹，弹丸",""
bump,"adv.. 猛烈的，突然的; n.. 肿块，撞击，表面隆起; v.. 碰撞，提高，颠簸而行; v.. 碰撞，撞击；颠簸前进",""
bunch,"n.. 束，一群，串，捆; v.. 隆起，成束成群，使成一束(或一群等); v.. 集中，挤在一起；使成一束(或一群等)",""
burden,"n.. 负担，责任，装载量，主题; v.. 使烦恼；使烦扰; v.. 烦扰，装载，使负重",""
burnout,"n.. 烧坏，精疲力尽，燃料烧尽",""
burst,"n.. (无释义)",""
bury,"v.. 埋葬，抛弃，专心致志，隐匿",""
butcher,"n.. 屠夫，肉商，刽子手，小贩; n.. 屠夫；肉店；刽子手; v.. 屠宰，滥杀，将某事弄得一团糟",""
button,"n.. 纽扣；扣子; v.. 扣上纽扣，用纽扣装饰",""
cabin,"n.. 小屋，船舱，机舱; v.. 抑制，住在小屋",""
cabinet,"adj.. 内阁的，秘密的; n.. 内阁，橱柜",""
cable,"n.. 缆，电缆，索，电报; v.. 发电报; v.. 发电报，(通过电缆)交流，(用缆绳)固定",""
cafeteria,"n.. 自助餐厅",""
caffeine,"n.. 咖啡因",""
cage,"n.. 笼子，监狱，笼状结构; v.. 关入笼中",""
calculate,"v.. 计算，估计，推测，计划",""
calligraphy,"n.. 书法",""
campaign,"n.. 运动，商业活动；战役; v.. 作战；参加竞选",""
campus,"adj.. 校园的; n.. 校园，大学",""
canal,"n.. 运河；沟渠，水道; v.. 开运河",""
candidate,"n.. 候选人，应试者",""
canteen,"n.. 食堂，水壶",""
capable,"adj.. 能干的，有能力的，有...的可能性",""
capacity,"n.. 能力，容量，容积，职位",""
capsule,"adj.. 压缩的；概要的; n.. 药丸，胶囊；太空舱; vt.. 压缩；简述",""
capture,"n.. 捕获，战利品; v.. 捕获，占领，夺取，吸引",""
carbon,"n.. 碳，复写纸，复本，碳精棒",""
career,"n.. 职业，事业，生涯; v.. 猛冲，飞跑",""
cargo,"n.. 货物，船货",""
carpenter,"n.. 木匠; v.. 制作；当木匠",""
carpet,"n.. 地毯；一层; v.. 在……上铺地毯，把地毯铺在……上；斥责",""
carrier,"n.. 航空母舰，带菌者，行李架，客运公司",""
carve,"v.. 雕刻，切割",""
cashier,"n.. 出纳；收银员",""
cast,"n.. 全体演员;模件;铸造;排泄物; v.. 投掷；扔；抛",""
castle,"n.. 城堡; v.. .置于城堡中，(棋)移动王车易位",""
casual,"adj.. 非正式的，随便的；漫不经心的; n.. 临时工",""
catalogue,"n.. 目录，目录簿; v.. 记载；编入目录，编制目录，在目录里列出价格",""
cattle,"n.. 牛，家畜，畜牲",""
cautious,"adj.. 谨慎的，十分小心的",""
cave,"n.. 洞穴，山洞; v.. 塌落，屈服，挖空",""
cease,"n/v.. 停止，终止",""
cell,"n.. 细胞，电池，单人牢房，蜂房的巢室",""
centimeter,"n.. 公分，厘米（＝1／100米）",""
ceremony,"n.. 仪式，典礼，礼节",""
certificate,"n.. 证书；执照; v.. 认可，批准",""
chain,"n.. 链条；一连串的事物; v.. 捆住，拴起来",""
chairman,"n.. 主席，董事长，会长; v.. 担任...的主席(议长)",""
channel,"n.. 海峡；频道；通道; v.. 引导；开导；形成河道",""
chaos,"n.. 混乱，混沌，无秩序",""
chapter,"n.. 章，篇，回",""
charge,"n.. 费用，电荷，指控，照顾; v.. 充电，要价，控诉，记在账上",""
charm,"n.. 魅力，迷人，吸引力，美貌; v.. 施魔法，（使）着迷",""
chart,"n.. 图表，排行榜，规划图; v.. 绘制图表；记录；制定; v.. 规划，绘制地图，制成图表",""
chase,"n.. 追捕，狩猎，争取; v.. 追赶，追求，追捕，奔跑",""
cheek,"n.. 面颊，脸蛋",""
cheerful,"adj.. 快乐的，高兴的",""
chef,"n.. 厨师，主厨",""
chemical,"adj.. 化学的；化学制品的; n.. 化学制品，化学药品",""
chest,"n.. 胸部，胸腔，箱子，金库",""
chew,"n.. 咀嚼，咀嚼物; n.. 咀嚼；咀嚼物; v.. 咀嚼，咀嚼，深思，嚼碎",""
chief,"adj.. 首要的，最重要的；首席的; n.. 首领；酋长",""
chop,"n.. 砍，剁，排骨; v.. 砍，劈，剁",""
chronic,"adj.. 长期的，慢性的，惯常的",""
church,"adj.. 教堂的; n.. 教堂，礼拜仪式，基督教徒; v.. 把...带到教堂接受某种宗教仪式",""
cigarette,"n.. 香烟，卷烟，烟卷",""
content,"adj.. 满意的; adj.. 满意的，满足的; n.. 内容，含量，目录; n.. 内容；容量; v.. 使...满足，使...安心; v.. 使满意",""
contest,"n.. 比赛，竞争; n.. 比赛，竞赛; n.. 比赛；竞赛; v.. 竞争；竞赛；争论; v.. 驳斥，争取，奋斗",""
context,"n.. 上下文，环境，背景",""
continent,"n.. 大陆，洲，(theContinent)欧洲大陆",""
contract,"n.. 合同，契约，合约，婚约; n.. 契约，合同; v.. 缩小；订合同；感染（疾病）；染上（恶习）; v.. 订合同，缩小，缩短，感染（疾病）",""
contradictory,"adj.. 反对的；矛; adj.. 相互矛盾的; adj.. 矛盾的; n.. 对立物；矛盾因素; n.. 矛盾",""
contrary,"adj.. 相反的，截然不同的，执拗的; n.. 相反，反面; n/adj.. 相反(的)；矛盾(的)",""
contrast,"n.. 对比，差别，对照物，[计算机]反差; v.. 对比，成对照",""
contribute,"v.. 贡献，投稿，捐助",""
contribution,"n.. 贡献，投稿，捐款(赠)",""
controversy,"n.. 争议，(公开的)争论",""
convenience,"n.. 便利，舒适，便利设施，适宜",""
conventional,"adj.. 传统的，常规的，惯例的",""
convert,"n.. 改变宗教（或信仰、观点）的人; n.. 皈依者，改变信仰的人; v.. 转化，兑换，换算，使…改变信仰",""
convince,"v.. 说服，使确信，使信服",""
cope,"n.. 长袍，斗篷状物; v.. 应付，对抗，笼罩，妥善处理",""
core,"n.. 核心，果心，要点; v.. 挖去果核",""
corn,"n.. 玉米，谷物; n.. 谷物；谷粒; v.. 形成(颗粒状)，(用谷物)喂",""
corporate,"adj.. 公司的，共同的，法人的，全体的",""
